{
    "weighted_precision": 0.33766233766233766,
    "weighted_recall": 0.38095238095238093,
    "weighted_f1": 0.35294117647058826,
    "total_support": 42
}