,Precision,Recall,F1 Score,Support
Bass,1.0,1.0,1.0,4.0
Brass,0.0,0.0,0.0,2.0
Chromatic Percussion,0.0,0.0,0.0,2.0
Drums,0.5,0.5,0.5,4.0
Guitar,0.4444444444444444,0.4444444444444444,0.4444444444444444,9.0
Organ,0.0,0.0,0.0,2.0
Piano,0.36363636363636365,0.6666666666666666,0.4705882352941177,6.0
Pipe,0.0,0.0,0.0,2.0
Reed,0.0,0.0,0.0,1.0
Strings,0.2857142857142857,0.2857142857142857,0.2857142857142857,7.0
Synth Lead,0.0,0.0,0.0,1.0
Synth Pad,0.0,0.0,0.0,2.0
