,Precision,Recall,F1 Score,Support
Bass,1.0,1.0,1.0,4.0
Brass,0.0,0.0,0.0,2.0
Chromatic Percussion,0.6666666666666666,1.0,0.8,2.0
Drums,1.0,0.5,0.6666666666666666,4.0
Guitar,0.75,0.6666666666666666,0.7058823529411765,9.0
Organ,0.3333333333333333,0.5,0.4,2.0
Piano,0.75,1.0,0.8571428571428571,6.0
Pipe,1.0,0.5,0.6666666666666666,2.0
Reed,0.0,0.0,0.0,1.0
Strings,1.0,1.0,1.0,7.0
Synth Lead,0.3333333333333333,1.0,0.5,1.0
Synth Pad,1.0,0.5,0.6666666666666666,2.0
