Model,Weighted Precision,Weighted Recall,Weighted F1,Total Support
MLP,0.33766233766233766,0.38095238095238093,0.35294117647058826,42
Logistic_Regression,0.7757936507936507,0.7380952380952381,0.7316459917300253,42
